{"cameraMode":{"drawMode":0,"name":"Shaded","section":"Shading Mode"},"sceneLighting":false,"audioPlay":false,"sceneViewState":{"m_AlwaysRefresh":false,"showFog":true,"showSkybox":true,"showFlares":true,"showImageEffects":true,"showParticleSystems":true,"showVisualEffectGraphs":true,"m_FxEnabled":true},"in2DMode":false,"pivot":{"x":429.90557861328127,"y":273.1759948730469,"z":54.67207336425781},"rotation":{"x":0.04468720778822899,"y":0.019486835226416589,"z":-0.0009415170643478632,"w":0.9988680481910706},"size":464.4969482421875,"orthographic":false}