{"cameraMode":{"drawMode":0,"name":"Shaded","section":"Shading Mode"},"sceneLighting":false,"audioPlay":false,"sceneViewState":{"m_AlwaysRefresh":false,"showFog":true,"showSkybox":false,"showFlares":true,"showImageEffects":true,"showParticleSystems":true,"showVisualEffectGraphs":true,"m_FxEnabled":true},"in2DMode":false,"pivot":{"x":-0.4251706600189209,"y":4.415743350982666,"z":1.1733183860778809},"rotation":{"x":-0.017317436635494233,"y":0.9826748967170715,"z":-0.12778204679489137,"w":-0.1331714689731598},"size":2.8980355262756349,"orthographic":false}